domain,name,n_cells,median_d_front_um,top_genes,min_t_of_top10,top_programs
D995,Tumour core epithelium,55125,-11.180339887498949,CEACAM6 (+0.78); CEACAM5 (+0.61); KRT18 (+0.60); EPCAM (+0.57); CDH1 (+0.47); DPEP1 (+0.47); ELF3 (+0.45); CLDN4 (+0.39); FTL (+0.39); SOX9 (+0.33),49.5,Complement -0.16; TGF-β / matrix remodelling -0.15; MHC-II / antigen presentation -0.14; EMT / invasion -0.13
D1008,Tumour edge epithelium (TGFBI),70773,5.0,CEACAM5 (+0.82); KRT19 (+0.78); TGFBI (+0.73); KRT18 (+0.72); EPCAM (+0.72); CEACAM6 (+0.61); CEACAM8 (+0.60); ATP1B1 (+0.60); CLDN4 (+0.58); HLA-A (+0.54),114.1,Oxidative / detox (normal colon) +0.26; Wnt / stem +0.13; MHC-II / antigen presentation -0.11; Complement -0.11
D1009,Normal crypt (GPX2),27881,7.0710678118654755,EPCAM (+1.16); CEACAM5 (+1.16); KRT19 (+1.03); CLDN4 (+0.90); ELF3 (+0.86); GPX2 (+0.84); ATP1B1 (+0.81); RACK1 (+0.81); IFITM1 (+0.81); FABP1 (+0.80),70.9,Oxidative / detox (normal colon) +0.73; Wnt / stem +0.22; TGF-β / matrix remodelling -0.22; Complement -0.21
D1005,"Front myeloid, MHC-II/CXCL9",7188,22.9128784747792,FCER1G (+0.43); CXCL9 (+0.40); CD74 (+0.40); CTSB (+0.39); SRGN (+0.36); CXCL11 (+0.36); APOE (+0.35); C1QC (+0.34); HLA-DRA (+0.33); APOC1 (+0.32),18.9,MHC-II / antigen presentation +0.15; IFN-γ response +0.13; Complement +0.08; Cytotoxicity +0.07
D1013,Desmoplastic stroma (POSTN),134906,24.49489742783178,COL6A2 (+0.78); POSTN (+0.58); COL1A2 (+0.49); COL1A1 (+0.47); COL4A2 (+0.37); SPARC (+0.35); COL3A1 (+0.32); COL5A1 (+0.31); DCN (+0.26); BGN (+0.24),66.1,Oxidative / detox (normal colon) -0.20; Wnt / stem -0.08; TGF-β / matrix remodelling +0.07; Proliferation -0.06
D1010,Fibroblast–complement stroma,49145,30.822070014844883,COL1A2 (+0.82); COL3A1 (+0.81); VIM (+0.79); LUM (+0.76); C1S (+0.76); SPARC (+0.75); COL1A1 (+0.72); IGFBP7 (+0.69); TIMP3 (+0.64); MYL9 (+0.58),95.5,Complement +0.22; Oxidative / detox (normal colon) -0.21; TGF-β / matrix remodelling +0.20; MHC-II / antigen presentation +0.18
D1000,IFN-γ myeloid hub,1468,35.17766952966369,CXCL9 (+1.62); HLA-DRA (+0.90); MMP3 (+0.80); CTSL (+0.75); C1QC (+0.75); SRGN (+0.74); LYZ (+0.73); CD74 (+0.71); AIF1 (+0.67); HLA-DRB1 (+0.61),12.9,IFN-γ response +0.51; MHC-II / antigen presentation +0.47; Oxidative / detox (normal colon) -0.32; Complement +0.29
D963,IFN-γ myeloid core (IDO1),253,36.742346141747674,CXCL9 (+3.08); MMP12 (+2.09); CTSL (+1.76); FCER1G (+1.57); IDO1 (+1.27); SPP1 (+1.26); MMP3 (+1.21); LYZ (+1.18); HLA-DRA (+1.08); SLAMF7 (+1.05),5.3,IFN-γ response +0.94; MHC-II / antigen presentation +0.54; Complement +0.34; Oxidative / detox (normal colon) -0.28
D988,IL1A / chemokine niche,4758,42.42640687119285,IL1A (+0.68); SFTPD (+0.64); OLFM4 (+0.59); CD69 (+0.52); CTSG (+0.49); HPN (+0.49); CXCL1 (+0.48); CXCL5 (+0.48); CD40 (+0.46); CSTA (+0.44),9.0,Neutrophil-attracting chemokines +0.30; Cytotoxicity +0.14; Complement -0.10; TGF-β / matrix remodelling -0.09
D1012,MHC-II macrophage–fibroblast,18377,42.720018726587654,CD74 (+0.86); VIM (+0.64); C1S (+0.63); HLA-DRA (+0.63); COL3A1 (+0.61); C1QC (+0.50); SRGN (+0.49); HLA-DPA1 (+0.48); LUM (+0.47); C1QA (+0.47),35.7,MHC-II / antigen presentation +0.33; Complement +0.31; Oxidative / detox (normal colon) -0.29; Wnt / stem -0.15
